ServerId,Server.ExternalId,Server.HostName,Server.VMware.VMname,Recommendation.EC2.Remarks,Server.OS.Name,Server.OS.Version,Server.CPU.NumberOfProcessors,Server.CPU.NumberOfCores,Server.CPU.NumberOfLogicalCores,Recommendation.EC2.RequestedCPU.UsagePct,Recommendation.EC2.RequestedvCPU,Server.RAM.TotalSizeInMB,Recommendation.EC2.RequestedRAM.UsagePct,Recommendation.EC2.RequestedRAMinMB,Recommendation.EC2.Instance.Model,Recommendation.EC2.Instance.vCPUCount,Recommendation.EC2.Instance.RAM.TotalSizeinMB,Recommendation.EC2.Instance.Price.UpfrontCost,Recommendation.EC2.Instance.Price.HourlyRate,Recommendation.EC2.Instance.Price.AmortizedHourlyRate,Recommendation.EC2.Instance.Price.EffectiveDate.UTC,Recommendation.EC2.Instance.OSType,UserPreference.Recommendation.CPUSizing,UserPreference.Recommendation.RAMSizing,UserPreference.Region,UserPreference.EC2.Tenancy,UserPreference.EC2.PricingModel,UserPreference.EC2.PricingModel.ContractTerm,UserPreference.EC2.PricingModel.Payment,UserPreference.EC2.ExcludedInstances,Applications,Tags,Server.SMBiosId,Server.VMware.MoRefId,Server.VMware.VCenterId,Server.VMware.vCenterName,Server.VMware.vmFolderPath,Server.CPU.UsagePct.Avg,Server.CPU.UsagePct.Max,Server.RAM.UsedSizeInMB.Avg,Server.RAM.UsedSizeInMB.Max,Server.RAM.UsagePct.Avg,Server.RAM.UsagePct.Max,Server.NumberOfDisks,Server.DiskReadsPerSecondInKB.Avg,Server.DiskWritesPerSecondInKB.Avg,Server.DiskReadsPerSecondInKB.Max,Server.DiskWritesPerSecondInKB.Max,Server.DiskReadOpsPerSecond.Avg,Server.DiskWriteOpsPerSecond.Avg,Server.DiskReadOpsPerSecond.Max,Server.DiskWriteOpsPerSecond.Max,Server.NetworkReadsPerSecondInKB.Avg,Server.NetworkWritesPerSecondInKB.Avg,Server.NetworkReadsPerSecondInKB.Max,Server.NetworkWritesPerSecondInKB.Max
d-server-00nndybck8eesj,,F5_Worker2,F5_Worker2,,Microsoft Windows Server 2008 R2 (64-bit),,1,,1,3.7,1,16391.340032,2.999997138977051,491.739732,t2.nano,1,512,0,0.0081,0.0081,2021-09-21 22:29:31,Windows,Maximum,Maximum,US East (N. Virginia),SHARED,On-Demand,,,,,Prod:environment,42325720-0221-aedb-dec8-44c187acca9e,vm-202,7FA6726F-70BB-4B6D-B4AD-0992EC07A4A0,localhost,Datacenters/TSO Office/vm/F5_Worker2_Clone_SQL1,1.8387222222222221,3.7,113.82864166666666,491.739732,0.6944437821706135,2.999997138977051,1,0,2.9055555555555554,0,24,,,,,0.9111111111111111,0.5,5,12
d-server-02z9kgwq4z7oft,,discoveryagent,discoveryagent,,Ubuntu Linux (64-bit),,2,,2,14.59,1,1024.458752,32.99980163574219,338.069356,t3a.nano,2,512,0,0.0047,0.0047,2021-09-21 22:29:31,Linux,Maximum,Maximum,US East (N. Virginia),SHARED,On-Demand,,,,,,421aac5d-5682-b2a8-12e5-2a0facbabb11,vm-252,724a3f79-baae-474c-b6e6-e040d7047e82,192.168.0.62,Datacenters/TSO/vm/DiscoveryAgentTestLinux,0.44696438072198735,14.59,44.81665204627078,338.069356,4.374666325879637,32.99980163574219,1,0.45823451553182637,4.6505409622120935,5949,5381,0.37386569872958286,0,12,0,0.017675758144543682,0.005781186509142216,3,1
d-server-01tmjfff67zox8,,vesxi65-2,,Server.OS.Name cannot be blank. Server.CPU.UsagePct.Max cannot be blank.,,,2,,2,0,0,4097.835008,0,0,,,,,,,,,Maximum,Maximum,US East (N. Virginia),SHARED,On-Demand,,,,,,564d511d-0ab4-10d8-9c6c-bd0bee59225f,vm-1193,724a3f79-baae-474c-b6e6-e040d7047e82,192.168.0.62,Datacenters/TSO/vm/vesxi65-2,,,,,,,4,,,,,,,,,,,,
d-server-013gl81yyz3ybs,,192.168.0.56,,Recommendations are not generated for VMWare Host machines.,,,,,,75.19,0,,0,0,,,,,,,,,Maximum,Maximum,US East (N. Virginia),SHARED,On-Demand,,,,,,f1f289a0-869b-11e1-9e8a-e840f2b87527,host-1181,724a3f79-baae-474c-b6e6-e040d7047e82,,,13.29544879732709,75.19,1238.3746969802412,5784.832632,,,,898.5189910885808,528.365728900194,17138,57761,,,,,10.584839333381455,27.852406467263105,8943,273
d-server-01s0ztmvtcdclz,,F5_Worker4.tso.local,F5_Worker4.tso.local,,Microsoft Windows Server 2008 R2 (64-bit),,1,,1,83.34,1,2048.917504,76.9998550415039,1577.663508,t2.small,1,2048,0,0.032,0.032,2021-09-21 22:29:31,Windows,Maximum,Maximum,US East (N. Virginia),SHARED,On-Demand,,,,,,564db66d-e535-5dad-0872-93c3fc4ab0a0,vm-35,724a3f79-baae-474c-b6e6-e040d7047e82,192.168.0.62,Datacenters/TSO/vm/F5_Worker4,1.2869099717227914,83.34,141.59399365640607,1577.663508,6.9106732398927315,76.9998550415039,1,1.2188216299664536,1.1533216135302935,17521,26139,2.531760435571689,0.0000017723457350272234,66,0.0009765625,0.20340281171762548,0.07585038270086723,1341,36
d-server-03vrochnvg4mx3,,ki?m tra m?y ?o,,Server.OS.Name cannot be blank. Server.CPU.UsagePct.Max cannot be blank.,,,2,,2,0,0,4097.835008,0,0,,,,,,,,,Maximum,Maximum,US East (N. Virginia),SHARED,On-Demand,,,,,,421eef5b-c4d0-de54-a963-fb53519b8e15,vm-2085,724a3f79-baae-474c-b6e6-e040d7047e82,192.168.0.62,Datacenters/TSO/vm/ki?m tra m?y ?o,,,,,,,1,,,,,,,,,,,,
d-server-028q080iw2epej,,linux-worker2,linux-worker2,,Ubuntu Linux (64-bit),,2,,2,0.3,1,1024.458752,3.9997100830078125,40.97538,t3a.nano,2,512,0,0.0047,0.0047,2021-09-21 22:29:31,Linux,Maximum,Maximum,US East (N. Virginia),SHARED,On-Demand,,,,,,42329298-049b-9a90-81f6-30c5ddd65b8f,vm-35,7FA6726F-70BB-4B6D-B4AD-0992EC07A4A0,localhost,Datacenters/TSO Office/vm/Linux_worker2,0.25299999999999984,0.3,17.52792277777778,40.97538,1.7109447055392795,3.9997100830078125,1,0,0.19444444444444445,0,3,,,,,0.005555555555555556,0,1,0
d-server-00z2or8xuo45l3,,discoverycollector,,,Other 3.x or later Linux (64-bit),,2,,2,100,2,8195.670016,75,6146.752512,m5a.large,2,8192,0,0.086,0.086,2021-09-21 22:29:31,Linux,Maximum,Maximum,US East (N. Virginia),SHARED,On-Demand,,,,,,421afd1e-e0db-192f-980b-b659801e0efc,42,,,,27.160045951066003,100,5668.009497848191,6146.752512,69.15858601899316,75,1,911.8668692619833,305.8817442793636,9493,8945,,,,,2.471564921538424,7.207288967369035,2780,134
d-server-028l55hot3zru8,,PenTest-LRM.TSO.local,PenTest-LRM.TSO.local,,Microsoft Windows Server 2016 (64-bit),,2,,2,6.890000000000001,1,5122.2937600000005,23.99993896484375,1229.347376,t2.small,1,2048,0,0.032,0.032,2021-09-21 22:29:31,Windows,Maximum,Maximum,US East (N. Virginia),SHARED,On-Demand,,,,,,421a1195-d88d-20c8-d832-f369579ad5ff,vm-517,724a3f79-baae-474c-b6e6-e040d7047e82,192.168.0.62,Datacenters/TSO/vm/PenTest-LRM,3.6261666666666645,6.890000000000001,828.3871839111112,1229.347376,16.172192043728298,23.99993896484375,1,0.07777777777777778,116.4666512345679,7,1059,,,,,8.122222222222222,1.238888888888889,153,25
d-server-03gj6bj26la99w,,???????? ??????,,Server.OS.Name cannot be blank. Server.CPU.UsagePct.Max cannot be blank.,,,2,,2,0,0,4097.835008,0,0,,,,,,,,,Maximum,Maximum,US East (N. Virginia),SHARED,On-Demand,,,,,,421e4114-d3c2-6ac8-2b6a-f733aaf212ec,vm-2082,724a3f79-baae-474c-b6e6-e040d7047e82,192.168.0.62,Datacenters/TSO/vm/???????? ??????,,,,,,,1,,,,,,,,,,,,
d-server-010x0anodmpmle,,photon-machine.tso.local,photon-machine.tso.local,"Server.OS.Name was not recognized. ""Linux"" was used as the default operating system for this instance recommendation.",VMware Photon OS (64-bit),,2,,2,39.72,1,10244.587520000001,45.99998474121094,4712.508696,t3a.large,2,8192,0,0.0752,0.0752,2021-09-21 22:29:31,Linux,Maximum,Maximum,US East (N. Virginia),SHARED,On-Demand,,,,,,564dd378-7239-b2dd-6ac9-d8e92737815c,vm-39,724a3f79-baae-474c-b6e6-e040d7047e82,192.168.0.62,Datacenters/TSO/vm/vCenter 6.5,7.470124396988471,39.72,1622.2799642508232,4712.508696,15.835483479288223,45.99998474121094,12,80.38728007326013,116.03503756714005,32866,14822,0.4319419237749544,0.0036917961660617084,39,0.005859375,1164.3581642846516,1164.182848297568,9948,9921
d-server-02lyugz8jiiij9,,WIN-7C3C6PHFS5H,WIN-7C3C6PHFS5H,,Microsoft Windows Server 2016 (64-bit),,2,,2,4.8,1,8195.670016,12.999963760375977,1065.434132,t2.small,1,2048,0,0.032,0.032,2021-09-21 22:29:31,Windows,Maximum,Maximum,US East (N. Virginia),SHARED,On-Demand,,,,,,421a2edc-2306-cdd7-b0f3-6397904dcb1b,vm-1522,724a3f79-baae-474c-b6e6-e040d7047e82,192.168.0.62,Datacenters/TSO/vm/dccheung-Test-ecz38359,2.3618888888888883,4.8,688.8898646666667,1065.434132,8.405534426371258,12.999963760375977,1,0.022222222222222223,57.666666666666664,4,754,,,,,1.3,0.40555555555555556,12,7
d-server-016kw1r3ul8rmd,,Dev-LRH.tso.local,Dev-LRH.tso.local,,Microsoft Windows Server 2016 or later (64-bit),,2,,2,100,2,5122.2937600000005,90.99998474121094,4661.28654,t3a.large,2,8192,0,0.1028,0.1028,2021-09-21 22:29:31,Windows,Maximum,Maximum,US East (N. Virginia),SHARED,On-Demand,,,,,,421a47c5-f4ed-edec-39fc-d7c373698ce6,vm-298,724a3f79-baae-474c-b6e6-e040d7047e82,192.168.0.62,Datacenters/TSO/vm/Dev-LRH,3.5909111824199993,100,4025.3810907940183,4661.28654,78.58551811745406,90.99998474121094,1,42.74354177810962,108.34165756150415,106610,40601,24.99092558983666,0.007495250113430124,444,0.09765625,3.5193818912490666,4.712005154891585,4723,7251
d-server-03934io1kkgmbf,,Qube-Worker3,Qube-Worker3,,Microsoft Windows Server 2008 R2 (64-bit),,2,,2,6.26,1,2048.917504,11.999893188476562,245.867912,t2.nano,1,512,0,0.0081,0.0081,2021-09-21 22:29:31,Windows,Maximum,Maximum,US East (N. Virginia),SHARED,On-Demand,,,,,,42022419-eef1-5124-df14-7f85f4e03ac6,vm-21,7FA6726F-70BB-4B6D-B4AD-0992EC07A4A0,localhost,Datacenters/TSO Office/vm/Qube Worker3,1.1147222222222222,6.26,156.1898853111111,245.867912,7.623044119940864,11.999893188476562,1,0,10.988888888888889,0,19,,,,,1.1722222222222223,0.6222222222222222,9,7
d-server-009spsf3mwra7f,,linux-worker3,linux-worker3,,Ubuntu Linux (64-bit),,2,,2,12.13,1,1024.458752,80.999755859375,829.809088,t3a.micro,2,1024,0,0.0094,0.0094,2021-09-21 22:29:31,Linux,Maximum,Maximum,US East (N. Virginia),SHARED,On-Demand,,,,,,42329601-1f59-3554-0dd4-4e3cf15a1a86,vm-243,7FA6726F-70BB-4B6D-B4AD-0992EC07A4A0,localhost,Datacenters/TSO Office/vm/Linux_worker3,0.4357222222222221,12.13,92.78738346666667,829.809088,9.057210286458334,80.999755859375,1,134.8388888888889,83.63333333333334,12578,10142,,,,,3.3444444444444446,0.03333333333333333,582,6
d-server-02rbgzb5ichro2,,Win2019Baseline-OLD,,Server.OS.Name cannot be blank. Server.CPU.UsagePct.Max cannot be blank.,,,1,,1,0,0,4097.835008,0,0,,,,,,,,,Maximum,Maximum,US East (N. Virginia),SHARED,On-Demand,,,,,,421a3683-9336-5437-183a-51ffee8011dc,vm-2086,724a3f79-baae-474c-b6e6-e040d7047e82,192.168.0.62,Datacenters/TSO/vm/Win2019Baseline-OLD,,,,,,,1,,,,,,,,,,,,
d-server-032reo4ryu9ubd,,discoverycollector,discoverycollector,,Other 3.x or later Linux (64-bit),,2,,2,100,2,8195.670016,75,6146.752512,t3a.large,2,8192,0,0.0752,0.0752,2021-09-21 22:29:31,Linux,Maximum,Maximum,US East (N. Virginia),SHARED,On-Demand,,,,,,421a293c-ff7f-05aa-d38d-eab72d9f8889,vm-2397,724a3f79-baae-474c-b6e6-e040d7047e82,192.168.0.62,Datacenters/TSO/vm/AWSDiscoveryCollector,14.985356265004624,100,4526.723006217496,6146.752512,55.23310476605572,75,1,573.1789661185999,138.35244235767792,8765,13016,0.009074410163339378,0.00009925136116152452,5,0.0009765625,3.1919965411684963,5.701050760677277,4605,292
d-server-018gg3sqw9ruht,,domain3.tso.local,domain3.tso.local,,Microsoft Windows Server 2008 R2 (64-bit),,1,,1,1.8900000000000001,1,768.344064,20.999654134114582,161.349596,t2.nano,1,512,0,0.0081,0.0081,2021-09-21 22:29:31,Windows,Maximum,Maximum,US East (N. Virginia),SHARED,On-Demand,,,,,,4208a3e2-27a8-7429-ea50-7c169a082b19,vm-29,7FA6726F-70BB-4B6D-B4AD-0992EC07A4A0,localhost,Datacenters/TSO Office/vm/domain3,0.7942222222222226,1.8900000000000001,108.16414764444444,161.349596,14.077566641348378,20.999654134114582,1,0,0.7444444444444445,0,5,,,,,1.0333333333333334,0.4166666666666667,9,6
d-server-02m1zpfz55r5vn,,?????,,Server.OS.Name cannot be blank. Server.CPU.UsagePct.Max cannot be blank.,,,2,,2,0,0,4097.835008,0,0,,,,,,,,,Maximum,Maximum,US East (N. Virginia),SHARED,On-Demand,,,,,,421e3dfd-91a8-4679-6e5d-0ede804ee8f8,vm-2079,724a3f79-baae-474c-b6e6-e040d7047e82,192.168.0.62,Datacenters/TSO/vm/?????,,,,,,,1,,,,,,,,,,,,
d-server-03e931ebckohwi,,Win2016Baseline-OLD,,Server.OS.Name cannot be blank. Server.CPU.UsagePct.Max cannot be blank.,,,2,,2,0,0,4097.835008,0,0,,,,,,,,,Maximum,Maximum,US East (N. Virginia),SHARED,On-Demand,,,,,,421a37e2-258c-b0f7-b530-981d7ebd359a,vm-2068,724a3f79-baae-474c-b6e6-e040d7047e82,192.168.0.62,Datacenters/TSO/vm/Win2016Baseline-OLD,,,,,,,1,,,,,,,,,,,,
d-server-02g7eqbor20ehy,,DiscoveryAgentTest2.tso.local,DiscoveryAgentTest2.tso.local,,Microsoft Windows Server 2016 or later (64-bit),,2,,2,83.17,2,2048.917504,97.99995422363281,2007.938216,t3a.small,2,2048,0,0.0372,0.0372,2021-09-21 22:29:31,Windows,Maximum,Maximum,US East (N. Virginia),SHARED,On-Demand,,,,,,421ae846-fe09-ce90-0493-b40167ca6775,vm-1190,724a3f79-baae-474c-b6e6-e040d7047e82,192.168.0.62,Datacenters/TSO/vm/DiscoveryAgentTest2-Win,1.971710798290368,83.17,232.852033023776,2007.938216,11.364636817694734,97.99995422363281,1,6.930472361326781,18.892058772574124,16074,25298,23.704174228675132,0.03401131465517241,81,0.08984375,0.09728260317288083,0.0015189377395938906,8967,235
d-server-01dukbi0phomxc,,DOMAIN2.tso.local,DOMAIN2.tso.local,,Microsoft Windows Server 2008 R2 (64-bit),,1,,1,2.7,1,768.344064,27.9998779296875,215.1354,t2.nano,1,512,0,0.0081,0.0081,2021-09-21 22:29:31,Windows,Maximum,Maximum,US East (N. Virginia),SHARED,On-Demand,,,,,,4232c3ab-13e4-4cf9-ebd9-3123f9ec49a1,vm-33,7FA6726F-70BB-4B6D-B4AD-0992EC07A4A0,localhost,Datacenters/TSO Office/vm/domain2,1.3850000000000007,2.7,155.50220757777777,215.1354,20.238616378219042,27.9998779296875,1,2.811111111111111,1.8,234,7,,,,,1.0722222222222222,0.4222222222222222,6,6
d-server-02edxfuxxab2o5,,????? ?????????,,Server.OS.Name cannot be blank. Server.CPU.UsagePct.Max cannot be blank.,,,2,,2,0,0,4097.835008,0,0,,,,,,,,,Maximum,Maximum,US East (N. Virginia),SHARED,On-Demand,,,,,,421e1736-afa4-e066-eede-949b3a21b419,vm-2078,724a3f79-baae-474c-b6e6-e040d7047e82,192.168.0.62,Datacenters/TSO/vm/????? ?????????,,,,,,,1,,,,,,,,,,,,
d-server-01p159fi120gnw,,Device42_MA,,Server.OS.Name cannot be blank. Server.CPU.UsagePct.Max cannot be blank.,,,2,,2,0,0,8195.670016,0,0,,,,,,,,,Maximum,Maximum,US East (N. Virginia),SHARED,On-Demand,,,,,,421a75bc-56f0-8818-479c-8e7cac7d79fb,vm-2091,724a3f79-baae-474c-b6e6-e040d7047e82,192.168.0.62,Datacenters/TSO/vm/Device42_MA,,,,,,,1,,,,,,,,,,,,
d-server-03vfrj3s52gj9z,,domain1.tso.local,domain1.tso.local,,Microsoft Windows Server 2008 R2 (64-bit),,1,,1,1.74,1,768.344064,20.999654134114582,161.349596,t2.nano,1,512,0,0.0081,0.0081,2021-09-21 22:29:31,Windows,Maximum,Maximum,US East (N. Virginia),SHARED,On-Demand,,,,,,421486cb-23ef-cc87-62f9-70dd5a2264ae,vm-25,7FA6726F-70BB-4B6D-B4AD-0992EC07A4A0,localhost,Datacenters/TSO Office/vm/domain1,0.7903333333333331,1.74,108.54821720000001,161.349596,14.127553304036459,20.999654134114582,1,0,0.65,0,5,,,,,1.0611111111111111,0.40555555555555556,8,6
d-server-00vkf9lb2t0339,,D42-RC-15.00.00,D42-RC-15.00.00,Server.OS.Name cannot be blank.,,,1,,1,3.31,1,1024.458752,39.99977111816406,409.781156,,,,,,,,,Maximum,Maximum,US East (N. Virginia),SHARED,On-Demand,,,,,,4232e928-0893-582d-88e1-a963988542f6,vm-205,7FA6726F-70BB-4B6D-B4AD-0992EC07A4A0,localhost,Datacenters/TSO Office/vm/D42-RC-15.00.00,1.2071111111111117,3.31,325.66236786666667,409.781156,31.788724263509117,39.99977111816406,1,0.005555555555555556,49.666666666666664,1,275,,,,,0.6944444444444444,0.14444444444444443,10,3
d-server-00qlsy95j4rmva,,Dev-LRD.tso.local,Dev-LRD.tso.local,,Microsoft Windows Server 2016 or later (64-bit),,2,,2,100,2,5122.2937600000005,95.99998474121094,4917.401228,t3a.large,2,8192,0,0.1028,0.1028,2021-09-21 22:29:31,Windows,Maximum,Maximum,US East (N. Virginia),SHARED,On-Demand,,,,,,421a5082-8f27-d102-225a-eb31d3d2c87b,vm-103,724a3f79-baae-474c-b6e6-e040d7047e82,192.168.0.62,Datacenters/TSO/vm/Dev-LRD,3.813765680481862,100,4279.415493704448,4917.401228,83.54490574364185,95.99998474121094,1,27.279386109426405,127.3228779536248,90700,82879,6.435571687840287,0.008305212114337558,103,0.072265625,3.4526602330778267,1.2485210152229467,10693,7424
d-server-01d5k8mm69839z,,vesxi65-4,,Server.OS.Name cannot be blank. Server.CPU.UsagePct.Max cannot be blank.,,,2,,2,0,0,4097.835008,0,0,,,,,,,,,Maximum,Maximum,US East (N. Virginia),SHARED,On-Demand,,,,,,564d01a6-2a9c-0c91-bc5b-9121fa39fa5a,vm-1197,724a3f79-baae-474c-b6e6-e040d7047e82,192.168.0.62,Datacenters/TSO/vm/vesxi65-4,,,,,,,4,,,,,,,,,,,,
d-server-02xb65ujxtw2ee,,DamnSmallLinux,,Server.OS.Name cannot be blank. Server.CPU.UsagePct.Max cannot be blank.,,,1,,1,0,0,16.007168,0,0,,,,,,,,,Maximum,Maximum,US East (N. Virginia),SHARED,On-Demand,,,,,,564de6e1-e3c3-9b8a-bc4c-dc76ea7f6fa0,vm-1185,724a3f79-baae-474c-b6e6-e040d7047e82,192.168.0.62,Datacenters/TSO/vm/DamnSmallLinux,,,,,,,1,,,,,,,,,,,,
d-server-020vrqlicrkpkj,,Dev-LRM,Dev-LRM,Server.OS.Name cannot be blank. Server.CPU.UsagePct.Max cannot be blank.,,,2,,2,0,0,5122.2937600000005,0,0,,,,,,,,,Maximum,Maximum,US East (N. Virginia),SHARED,On-Demand,,,,,,421a08df-3de2-5a02-3ffd-237fd1fc6a62,vm-104,724a3f79-baae-474c-b6e6-e040d7047e82,192.168.0.62,Datacenters/TSO/vm/Dev-LRM,,,,,,,1,,,,,,,,,,,,
d-server-031gm4o7u4ovu0,,??????????? ??????,,Server.OS.Name cannot be blank. Server.CPU.UsagePct.Max cannot be blank.,,,2,,2,0,0,4097.835008,0,0,,,,,,,,,Maximum,Maximum,US East (N. Virginia),SHARED,On-Demand,,,,,,421ed3ad-a00f-2a8e-a2c4-4a58490a7468,vm-2080,724a3f79-baae-474c-b6e6-e040d7047e82,192.168.0.62,Datacenters/TSO/vm/??????????? ??????,,,,,,,1,,,,,,,,,,,,
d-server-008l2e8im85w8q,,Qube-Worker2,Qube-Worker2,,Microsoft Windows Server 2008 R2 (64-bit),,2,,2,1.24,1,2048.917504,10.999870300292969,225.378268,t2.nano,1,512,0,0.0081,0.0081,2021-09-21 22:29:31,Windows,Maximum,Maximum,US East (N. Virginia),SHARED,On-Demand,,,,,,42322059-d729-9e01-d207-dbd827b73453,vm-36,7FA6726F-70BB-4B6D-B4AD-0992EC07A4A0,localhost,Datacenters/TSO Office/vm/Qube Worker2,0.4887222222222226,1.24,123.84421604444445,225.378268,6.044372982449002,10.999870300292969,1,0,11.55,0,18,,,,,1.0888888888888888,0.4888888888888889,6,7
d-server-00paefhmer1ppz,,HYPERV2019-2.tso2.local,HYPERV2019-2.tso2.local,,Microsoft Windows Server 2016 or later (64-bit),,8,,8,39.09,4,8195.670016,64.99996185302734,5327.182384,t3a.xlarge,4,16384,0,0.224,0.224,2021-09-21 22:29:31,Windows,Maximum,Maximum,US East (N. Virginia),SHARED,On-Demand,,,,,,421abe64-ab35-5265-81bb-3e05f18dc9f9,vm-1191,724a3f79-baae-474c-b6e6-e040d7047e82,192.168.0.62,Datacenters/TSO/vm/HYPERV2019-2,6.080953734466429,39.09,891.2736677686632,5327.182384,10.874933544526241,64.99996185302734,1,833.1256755171115,442.08475021698797,17126,26321,4.453720508166971,0.002738274160617059,67,0.0283203125,12.291931603208065,26.389753326711347,9218,226
d-server-007ew00ypy14io,,WIN-7C3C6PHFS5H,WIN-7C3C6PHFS5H,Server.OS.Name cannot be blank. Server.CPU.UsagePct.Max cannot be blank.,,,2,,2,0,0,4097.835008,0,0,,,,,,,,,Maximum,Maximum,US East (N. Virginia),SHARED,On-Demand,,,,,,421e2ace-df6f-c7a7-83c6-17621f45d8b1,vm-2081,724a3f79-baae-474c-b6e6-e040d7047e82,192.168.0.62,Datacenters/TSO/vm/?? ??,,,,,,,1,,,,,,,,,,,,
d-server-015hwv6a5wtict,,vcenter51,vcenter51,,SUSE Linux Enterprise 11 (64-bit),,2,,2,4.53,1,8195.670016,12.999963760375977,1065.434132,t3a.small,2,2048,0,0.0498,0.0498,2021-09-21 22:29:31,SLES,Maximum,Maximum,US East (N. Virginia),SHARED,On-Demand,,,,,,564dd5d1-09a3-6485-663f-d860f3c7616c,vm-14,7FA6726F-70BB-4B6D-B4AD-0992EC07A4A0,localhost,Datacenters/TSO Office/vm/vCenter 5.1,1.2594999999999996,4.53,585.9888594444444,1065.434132,7.149981127844916,12.999963760375977,2,3.75,52.55555555555556,22,145,,,,,2.966666666666667,1.5611111111111111,11,10
d-server-03pory11xt8y12,,Dev-LRB.tso.local,Dev-LRB.tso.local,,Microsoft Windows Server 2016 or later (64-bit),,2,,2,100,2,5122.2937600000005,90.99998474121094,4661.28654,t3a.large,2,8192,0,0.1028,0.1028,2021-09-21 22:29:31,Windows,Maximum,Maximum,US East (N. Virginia),SHARED,On-Demand,,,,,,421af09a-5c85-57fc-8f8e-abebd590e2a3,vm-297,724a3f79-baae-474c-b6e6-e040d7047e82,192.168.0.62,Datacenters/TSO/vm/Dev-LRB,4.525929635149081,100,3528.119614690058,4661.28654,68.87772900182237,90.99998474121094,1,44.63321050302389,135.79348364258945,125672,52624,24.043557168784023,0.007514745916515434,445,0.095703125,3.457794528459225,3.9420417811532458,2977,6993
d-server-02pc6z33sp7mwx,,connector,connector,"Server.OS.Name was not recognized. ""Linux"" was used as the default operating system for this instance recommendation.",FreeBSD 11.2-RELEASE-p9,,2,,2,14.85,1,2048.917504,44.99988555908203,922.010532,t3a.micro,2,1024,0,0.0094,0.0094,2021-09-21 22:29:31,Linux,Maximum,Maximum,US East (N. Virginia),SHARED,On-Demand,,,,,,42329929-827c-17ae-6e64-929ca7797159,vm-101,7FA6726F-70BB-4B6D-B4AD-0992EC07A4A0,localhost,Datacenters/TSO Office/vm/DiscoveryService1.0.2.2-MMtest,1.1023888888888898,14.85,227.01196397777778,922.010532,11.079604890611437,44.99988555908203,5,163.10555555555555,59.92777777777778,9342,1804,,,,,1.211111111111111,31.122222222222224,124,5594
d-server-015vu4c0juu9bt,,F5_Worker1,F5_Worker1,,Microsoft Windows Server 2008 R2 (64-bit),,1,,1,8.78,1,16391.340032,4.999995231628418,819.56622,t2.micro,1,1024,0,0.0162,0.0162,2021-09-21 22:29:31,Windows,Maximum,Maximum,US East (N. Virginia),SHARED,On-Demand,,,,,,42081c5b-b902-2578-bf02-d1bf33099753,vm-30,7FA6726F-70BB-4B6D-B4AD-0992EC07A4A0,localhost,Datacenters/TSO Office/vm/F5_Worker1,2.903722222222221,8.78,235.70837124444446,819.56622,1.4380055003696017,4.999995231628418,1,0,0.8222222222222222,0,10,,,,,1.2555555555555555,0.9,9,14
d-server-01ess41xevvbt2,,Se?or,,Server.OS.Name cannot be blank. Server.CPU.UsagePct.Max cannot be blank.,,,2,,2,0,0,4097.835008,0,0,,,,,,,,,Maximum,Maximum,US East (N. Virginia),SHARED,On-Demand,,,,,,421e5f34-ce58-62c2-57a4-a988f3bdba9f,vm-2083,724a3f79-baae-474c-b6e6-e040d7047e82,192.168.0.62,Datacenters/TSO/vm/Se?or,,,,,,,1,,,,,,,,,,,,
d-server-024zv16uehsrr9,,WIN-N3QR8918NGO,WIN-N3QR8918NGO,Server.OS.Name cannot be blank. Server.CPU.UsagePct.Max cannot be blank.,,,1,,1,0,0,4097.835008,0,0,,,,,,,,,Maximum,Maximum,US East (N. Virginia),SHARED,On-Demand,,,,,,421ab3fa-90bd-d626-2869-5f34337a209a,vm-296,724a3f79-baae-474c-b6e6-e040d7047e82,192.168.0.62,Datacenters/TSO/vm/Win2019Baseline,,,,,,,1,,,,,,,,,,,,
d-server-00riqd9jp48opk,,Win2016-baseline,,Server.OS.Name cannot be blank. Server.CPU.UsagePct.Max cannot be blank.,,,2,,2,0,0,4097.835008,0,0,,,,,,,,,Maximum,Maximum,US East (N. Virginia),SHARED,On-Demand,,,,,,421ee350-9681-ec00-fcf4-50f029b85443,vm-2076,724a3f79-baae-474c-b6e6-e040d7047e82,192.168.0.62,Datacenters/TSO/vm/Win2016-baseline,,,,,,,1,,,,,,,,,,,,
d-server-03axuak0b0san5,,WIN-7C3C6PHFS5H,WIN-7C3C6PHFS5H,Server.OS.Name cannot be blank. Server.CPU.UsagePct.Max cannot be blank.,,,2,,2,0,0,4097.835008,0,0,,,,,,,,,Maximum,Maximum,US East (N. Virginia),SHARED,On-Demand,,,,,,421e4309-7e1a-b10b-589d-7746ec3148a2,vm-2084,724a3f79-baae-474c-b6e6-e040d7047e82,192.168.0.62,Datacenters/TSO/vm/?????,,,,,,,1,,,,,,,,,,,,
d-server-03qbg2bxe3npa0,,192.168.0.224,,Recommendations are not generated for VMWare Host machines.,,,,,,5.22,0,,0,0,,,,,,,,,Maximum,Maximum,US East (N. Virginia),SHARED,On-Demand,,,,,,41a6e6e0-d7da-11dd-afa2-c86000a24d16,host-9,7FA6726F-70BB-4B6D-B4AD-0992EC07A4A0,,,3.0734444444444446,5.22,1566.1978919333333,2157.47002,,,,37.46111111111111,146.37777777777777,627,420,,,,,5.65,5.966666666666667,23,56
d-server-03pr2t6v4hs7bo,,F5_Worker2,F5_Worker2,,Microsoft Windows Server 2008 R2 (64-bit),,1,,1,4.49,1,16391.340032,2.999997138977051,491.739732,t2.nano,1,512,0,0.0081,0.0081,2021-09-21 22:29:31,Windows,Maximum,Maximum,US East (N. Virginia),SHARED,On-Demand,,,,,,423253f1-9c13-9283-a630-438eec4c18ee,vm-204,7FA6726F-70BB-4B6D-B4AD-0992EC07A4A0,localhost,Datacenters/TSO Office/vm/F5_Worker2_Clone_SQL2,2.1372222222222224,4.49,104.72235033333334,491.739732,0.6388882795969646,2.999997138977051,1,0,4.6722222222222225,0,154,,,,,1.8944444444444444,2.2888888888888888,10,25
d-server-038uqu3cz1ld7l,,192.168.0.226,,Recommendations are not generated for VMWare Host machines.,,,,,,19.09,0,,0,0,,,,,,,,,Maximum,Maximum,US East (N. Virginia),SHARED,On-Demand,,,,,,5b7aea16-7a48-1282-ec93-a1647c5c68cc,host-17,7FA6726F-70BB-4B6D-B4AD-0992EC07A4A0,,,6.2755555555555524,19.09,2091.3040628,3694.091712,,,,337.8277777777778,231.89444444444445,12935,10273,,,,,9.488888888888889,36.07222222222222,803,5597
d-server-0212a0vtuuvuao,,F5_Worker5.tso.local,F5_Worker5.tso.local,,Microsoft Windows Server 2008 R2 (64-bit),,1,,1,100,1,2048.917504,75.99983215332031,1557.173864,t2.small,1,2048,0,0.032,0.032,2021-09-21 22:29:31,Windows,Maximum,Maximum,US East (N. Virginia),SHARED,On-Demand,,,,,,421aaefb-9710-6f1b-8042-62eacca74710,vm-66,724a3f79-baae-474c-b6e6-e040d7047e82,192.168.0.62,Datacenters/TSO/vm/F5_Worker5,1.0988276582942869,100,135.6585652329708,1557.173864,6.620987178260291,75.99983215332031,1,8.729758490026335,1.8081254831864912,50384,38242,1.321234119782214,0.000015951111615244997,33,0.0029296875,0.3120766870178804,0.16685202592169515,4091,268
d-server-03rdekzx7ama9d,,vesxi65-3,,Server.OS.Name cannot be blank. Server.CPU.UsagePct.Max cannot be blank.,,,2,,2,0,0,4097.835008,0,0,,,,,,,,,Maximum,Maximum,US East (N. Virginia),SHARED,On-Demand,,,,,,564d1214-9465-cf75-64d9-da16c0453eec,vm-1195,724a3f79-baae-474c-b6e6-e040d7047e82,192.168.0.62,Datacenters/TSO/vm/vesxi65-3,,,,,,,4,,,,,,,,,,,,
d-server-00rgy9v02cy6mb,,FR-HYPERV2016.tso.local,FR-HYPERV2016.tso.local,,Microsoft Windows Server 2016 or later (64-bit),,6,,6,42.87,3,16391.340032,26.999998092651367,4425.661496,t3a.xlarge,4,16384,0,0.224,0.224,2021-09-21 22:29:31,Windows,Maximum,Maximum,US East (N. Virginia),SHARED,On-Demand,,,,,,421a2f9d-8896-9513-b493-2d6df9fd1a53,vm-2201,724a3f79-baae-474c-b6e6-e040d7047e82,192.168.0.62,Datacenters/TSO/vm/French-HyperV-Test,4.3519327784974795,42.87,1585.5281490524228,4425.661496,9.672962344488461,26.999998092651367,1,24.292611234843516,29.970114289984043,23673,11583,94.28457446808508,0.022653133311170224,181,0.044921875,3.6549377908073324,12.452926253469121,2779,152
d-server-01bt6t9x3010yp,,vesxi65-6,,Server.OS.Name cannot be blank. Server.CPU.UsagePct.Max cannot be blank.,,,1,,1,0,0,4097.835008,0,0,,,,,,,,,Maximum,Maximum,US East (N. Virginia),SHARED,On-Demand,,,,,,564df266-62a8-def0-7c3e-252978365bcd,vm-1201,724a3f79-baae-474c-b6e6-e040d7047e82,192.168.0.62,Datacenters/TSO/vm/vesxi65-6,,,,,,,3,,,,,,,,,,,,
d-server-00l30ocmtbsh83,,F5_Worker6.tso.local,F5_Worker6.tso.local,,Microsoft Windows Server 2008 R2 (64-bit),,1,,1,35.36,1,16391.340032,4.999995231628418,819.56622,t2.micro,1,1024,0,0.0162,0.0162,2021-09-21 22:29:31,Windows,Maximum,Maximum,US East (N. Virginia),SHARED,On-Demand,,,,,,421a133a-ab6e-77fd-cd4b-ebfa7aef72d6,vm-1189,724a3f79-baae-474c-b6e6-e040d7047e82,192.168.0.62,Datacenters/TSO/vm/F5_Worker6,0.8055669705602267,35.36,26.261452839052456,819.56622,0.1602154112341244,4.999995231628418,1,0.017478322162214545,0.7762320639889249,2183,2308,0,0.000007089382940108895,0,0.001953125,0.23961254247477212,0.07045586522647113,6,4
d-server-00jo2jxeh0cwpa,,connector,connector,"Server.OS.Name was not recognized. ""Linux"" was used as the default operating system for this instance recommendation.",FreeBSD 11.2-RELEASE-p9,,2,,2,4.1,1,2048.917504,13.99993896484375,286.8472,t3a.nano,2,512,0,0.0047,0.0047,2021-09-21 22:29:31,Linux,Maximum,Maximum,US East (N. Virginia),SHARED,On-Demand,,,,,,423281c5-26fb-a97f-7105-ebe1f32edabf,vm-161,7FA6726F-70BB-4B6D-B4AD-0992EC07A4A0,localhost,Datacenters/TSO Office/vm/AWSDiscoveryConnector1.0.3.8-MMarkoffTest,0.8806111111111108,4.1,153.14268744444442,286.8472,7.474321789211696,13.99993896484375,5,0.06666666666666667,28.81111111111111,3,44,,,,,0.4,0.05555555555555555,5,2
d-server-002cafz9j39zwp,,linux-worker5,linux-worker5,,Ubuntu Linux (64-bit),,2,,2,26.59,1,1024.458752,32.99980163574219,338.069356,t3a.nano,2,512,0,0.0047,0.0047,2021-09-21 22:29:31,Linux,Maximum,Maximum,US East (N. Virginia),SHARED,On-Demand,,,,,,564d103f-ba39-39e2-e0e3-ec281e6a80d2,vm-36,724a3f79-baae-474c-b6e6-e040d7047e82,192.168.0.62,Datacenters/TSO/vm/Linux_worker5,0.19902185896643337,26.59,25.692985286675242,338.069356,2.507957029652595,32.99980163574219,1,7.235460225856595,79.17451098394939,25806,14596,0.16515426497277674,0,3,0,0.003238203840505358,0.00018270897450757106,334,5
d-server-0349ae28ehxfgc,,192.168.0.58,,Recommendations are not generated for VMWare Host machines.,,,,,,100,0,,0,0,,,,,,,,,Maximum,Maximum,US East (N. Virginia),SHARED,On-Demand,,,,,,03000200-0400-0500-0006-000700080009,host-78,724a3f79-baae-474c-b6e6-e040d7047e82,,,6.151361881590246,100,11919.009184926113,14018.633004,,,,178.21943926538168,402.4109397556245,125682,88085,,,,,10.660671833650332,11.50052042422978,11071,8624
d-server-00ao754v3cq87t,,linux-worker4,linux-worker4,,Ubuntu Linux (64-bit),,2,,2,0.21,1,1024.458752,3.9997100830078125,40.97538,t3a.nano,2,512,0,0.0047,0.0047,2021-09-21 22:29:31,Linux,Maximum,Maximum,US East (N. Virginia),SHARED,On-Demand,,,,,,42326ea7-66c3-3ebf-d4aa-3d930fad21ba,vm-244,7FA6726F-70BB-4B6D-B4AD-0992EC07A4A0,localhost,Datacenters/TSO Office/vm/Linux_worker4,0.16361111111111132,0.21,20.088097,40.97538,1.9608497619628906,3.9997100830078125,1,0,0.17777777777777778,0,3,,,,,0.005555555555555556,0,1,0
d-server-00vgbli0vlzs4u,,192.168.0.55,,Recommendations are not generated for VMWare Host machines.,,,,,,57.43,0,,0,0,,,,,,,,,Maximum,Maximum,US East (N. Virginia),SHARED,On-Demand,,,,,,4c4c4544-0039-3510-804e-c7c04f475831,host-28,724a3f79-baae-474c-b6e6-e040d7047e82,,,23.900716712768507,57.43,3031.906260472503,9222.071044,,,,291.56407297642284,4647.837480502445,50539,45784,,,,,1175.8852995938764,21.696297161472565,10002,499
d-server-0043df3fd04jyg,,WIN-7C3C6PHFS5H,WIN-7C3C6PHFS5H,Server.OS.Name cannot be blank. Server.CPU.UsagePct.Max cannot be blank.,,,2,,2,0,0,4097.835008,0,0,,,,,,,,,Maximum,Maximum,US East (N. Virginia),SHARED,On-Demand,,,,,,421a579c-367b-8619-7197-1ec6007f0e2f,vm-295,724a3f79-baae-474c-b6e6-e040d7047e82,192.168.0.62,Datacenters/TSO/vm/Win2016Baseline,,,,,,,1,,,,,,,,,,,,
d-server-033vcxoedh50kw,,vesxi65-5,,Server.OS.Name cannot be blank. Server.CPU.UsagePct.Max cannot be blank.,,,2,,2,0,0,4097.835008,0,0,,,,,,,,,Maximum,Maximum,US East (N. Virginia),SHARED,On-Demand,,,,,,564d3c69-5611-f733-aa41-86a5e248d1e2,vm-1199,724a3f79-baae-474c-b6e6-e040d7047e82,192.168.0.62,Datacenters/TSO/vm/vesxi65-5,,,,,,,4,,,,,,,,,,,,
d-server-00ye0jwcjj43cb,,192.168.0.57,,Recommendations are not generated for VMWare Host machines.,,,,,,63.18,0,,0,0,,,,,,,,,Maximum,Maximum,US East (N. Virginia),SHARED,On-Demand,,,,,,03000200-0400-0500-0006-000700080009,host-2063,724a3f79-baae-474c-b6e6-e040d7047e82,,,6.6357918579675195,63.18,1657.4906179717616,4497.69766,,,,69.95358086193279,48.24729473065931,23667,15925,,,,,2.601527541025214,13.753186142571602,2770,157
d-server-01u74idasrk09o,,F5_Worker3,F5_Worker3,,Microsoft Windows Server 2008 R2 (64-bit),,8,,8,0.41000000000000003,1,768.344064,27.9998779296875,215.1354,t2.nano,1,512,0,0.0081,0.0081,2021-09-21 22:29:31,Windows,Maximum,Maximum,US East (N. Virginia),SHARED,On-Demand,,,,,,4208e39e-10de-b7a3-6e7b-9bbb0d794c9f,vm-28,7FA6726F-70BB-4B6D-B4AD-0992EC07A4A0,localhost,Datacenters/TSO Office/vm/F5_Worker3,0.24438888888888893,0.41000000000000003,146.06903375555555,215.1354,19.010888558846933,27.9998779296875,2,0,0.8611111111111112,0,11,,,,,1.0666666666666667,0.46111111111111114,8,7
d-server-029jxg8alaauqe,,Qube-Worker4.tso.local,Qube-Worker4.tso.local,Server.OS.Name cannot be blank. Server.CPU.UsagePct.Max cannot be blank.,,,2,,2,0,0,2048.917504,0,0,,,,,,,,,Maximum,Maximum,US East (N. Virginia),SHARED,On-Demand,,,,,,564d32d9-799d-aba5-8240-89c2c1b95a8b,vm-37,724a3f79-baae-474c-b6e6-e040d7047e82,192.168.0.62,Datacenters/TSO/vm/Qube Worker4,,,,,,,1,,,,,,,,,,,,
d-server-023lcnx2fk99p1,,linux-worker1,linux-worker1,,Ubuntu Linux (64-bit),,2,,2,0.21,1,1024.458752,2.962493896484375,30.349528,t3a.nano,2,512,0,0.0047,0.0047,2021-09-21 22:29:31,Linux,Maximum,Maximum,US East (N. Virginia),SHARED,On-Demand,,,,,,421426c8-05be-e7d8-a34d-b02d62f41dac,vm-24,7FA6726F-70BB-4B6D-B4AD-0992EC07A4A0,localhost,Datacenters/TSO Office/vm/Linux_worker1,0.15366666666666667,0.21,18.95883697777778,30.349528,1.850619845920139,2.962493896484375,1,0.08888888888888889,0.21666666666666667,6,3,,,,,0.011111111111111112,0,1,0
d-server-0371pmeqore0de,,Device42-16.04.03,Device42-16.04.03,Server.OS.Name cannot be blank.,,,2,,2,22.56,1,6146.752512,19.999949137369793,1229.347376,,,,,,,,,Maximum,Maximum,US East (N. Virginia),SHARED,On-Demand,,,,,,4232404a-4d20-1e7c-d86e-bcc5cd62894b,vm-181,7FA6726F-70BB-4B6D-B4AD-0992EC07A4A0,localhost,Datacenters/TSO Office/vm/Device42-16.04.03,5.147833333333333,22.56,716.4363796666667,1229.347376,11.655526691012913,19.999949137369793,1,3.0388888888888888,23.57777777777778,38,60,,,,,0.011111111111111112,0,1,0
